Workbook

Sheet energy mix_genertaion
A1: Parameter | B1: 2007-08 | C1: % share | D1: 2008-09 | E1: % share | F1: 2009-10 | G1: % share | H1: 2010-11 | I1: % share | J1: 2011-12 | K1: % share | L1: 2012-13 | M1: % share | N1: 2013-14 | O1: % share | P1: 2014-15 | Q1: % share | R1: 2015-16 | S1: % share | T1: 2016-17 | U1: % share | V1: 2017-18 | W1: % share | X1: 2018-19 | Y1: % share | Z1: 2019-20 | AA1: % share | AB1: 2020-21 | AC1: % share | AD1: 2021-22 | AE1: % share | AF1: 2022-23 | AG1: % share | AH1: 2023-24 | AI1: % share | AJ1: 2024-25 | AK1: % share | AL1: 2025-26 | AM1: % share
A2: Coal - Generation (in MU) | B2: 486998.16 | C2: =B2/$B$13 -> 0.67392883 | D2: 511895.05 | E2: =D2/$D$13 -> 0.69066054 | F2: 539586.39 | G2: =F2/$F$13 -> 0.67460897 | H2: 561298.07 | I2: =H2/$H$13 -> 0.66445606 | J2: 612497.08 | K2: =J2/$J$13 -> 0.66398861 | L2: 691341.21 | M2: =L2/$L$13 -> 0.71679543 | N2: 745533.1 | O2: =N2/$N$13 -> 0.7261814 | P2: 835290.78 | Q2: =P2/$P$13 -> 0.75591518 | R2: 895339.83 | S2: =R2/$R$13 -> 0.76683115 | T2: 944021.83 | U2: =T2/$T$13 -> 0.76416864 | V2: 986590.65 | W2: =V2/$V$13 -> 0.75690445 | X2: 1022265.3 | Y2: =X2/$X$13 -> 0.74521112 | Z2: 994196.99 | AA2: =Z2/$Z$13 -> 0.71865329 | AB2: 981443.23 | AC2: =AB2/$AB$13 -> 0.71471938 | AD2: 1078581.5 | AE2: =AD2/$AD$13 -> 0.72658019 | AF2: 1182095.8 | AG2: =AF2/$AF$13 -> 0.7307158 | AH2: 1294852.4 | AI2: =AH2/$AH$13 -> 0.74658153 | AJ2: 1331867.1 | AK2: =AJ2/$AJ$13 -> 0.73010471 | AL2: 1280512.2 | AM2: =AL2/$AL$13 -> 0.69719872
A3: Oil & Gas - Generation (in MU) | B3: 73073.62 | C3: =B3/$B$13 -> 0.10112239 | D3: 76386.78 | E3: =D3/$D$13 -> 0.1030628 | F3: 100621.37 | G3: =F3/$F$13 -> 0.12580021 | H3: 103523.68 | I3: =H3/$H$13 -> 0.12254975 | J3: 95930.03 | K3: =J3/$J$13 -> 0.10399469 | L3: 69112.35 | M3: =L3/$L$13 -> 0.07165697 | N3: 46520.47 | O3: =N3/$N$13 -> 0.045312944 | P3: 42650.71 | Q3: =P3/$P$13 -> 0.038597719 | R3: 47673.09 | S3: =R3/$R$13 -> 0.040830542 | T3: 49494.51 | U3: =T3/$T$13 -> 0.040064913 | V3: 50555.73 | W3: =V3/$V$13 -> 0.038785951 | X3: 50048.84 | Y3: =X3/$X$13 -> 0.03648461 | Z3: 48641.17 | AA3: =Z3/$Z$13 -> 0.035160172 | AB3: 51167.54 | AC3: =AB3/$AB$13 -> 0.037261893 | AD3: 36229.92 | AE3: =AD3/$AD$13 -> 0.024406077 | AF3: 24114.75 | AG3: =AF3/$AF$13 -> 0.014906599 | AH3: 31696.52 | AI3: =AH3/$AH$13 -> 0.01827547 | AJ3: 32022.7 | AK3: =AJ3/$AJ$13 -> 0.017554248 | AL3: 26439.04 | AM3: =AL3/$AL$13 -> 0.014395228
A4: Nuclear - Generation (in MU) | B4: 16957 | C4: =B4/$B$13 -> 0.02346582 | D4: 14927 | E4: =D4/$D$13 -> 0.020139851 | F4: 18636.44 | G4: =F4/$F$13 -> 0.023299901 | H4: 26266.4 | I4: =H4/$H$13 -> 0.031093762 | J4: 32286.56 | K4: =J4/$J$13 -> 0.035000833 | L4: 32866.11 | M4: =L4/$L$13 -> 0.034076194 | N4: 34227.79 | O4: =N4/$N$13 -> 0.033339344 | P4: 36101.54 | Q4: =P4/$P$13 -> 0.032670901 | R4: 37413.62 | S4: =R4/$R$13 -> 0.03204362 | T4: 37915.87 | U4: =T4/$T$13 -> 0.030692213 | V4: 38346.12 | W4: =V4/$V$13 -> 0.029418836 | X4: 37812.6 | Y4: =X4/$X$13 -> 0.027564635 | Z4: 46472.45 | AA4: =Z4/$Z$13 -> 0.033592517 | AB4: 43029.08 | AC4: =AB4/$AB$13 -> 0.031335197 | AD4: 47112.06 | AE4: =AD4/$AD$13 -> 0.031736768 | AF4: 45861.09 | AG4: =AF4/$AF$13 -> 0.028349159 | AH4: 47937.41 | AI4: =AH4/$AH$13 -> 0.027639587 | AJ4: 56680.83 | AK4: =AJ4/$AJ$13 -> 0.031071375 | AL4: 55180.92 | AM4: =AL4/$AL$13 -> 0.03004428
A5: Hydro - Generation (in MU) | B5: 120386.72 | C5: =B5/$B$13 -> 0.16659628 | D5: 110098.53 | E5: =D5/$D$13 -> 0.14854746 | F5: 104059.39 | G5: =F5/$F$13 -> 0.13009853 | H5: 114415.52 | I5: =H5/$H$13 -> 0.13544334 | J5: 130511.47 | K5: =J5/$J$13 -> 0.14148333 | L5: 113720.29 | M5: =L5/$L$13 -> 0.11790731 | N5: 134847.53 | O5: =N5/$N$13 -> 0.13134731 | P5: 129243.69 | Q5: =P5/$P$13 -> 0.11696198 | R5: 121376.65 | S5: =R5/$R$13 -> 0.10395538 | T5: 122377.56 | U5: =T5/$T$13 -> 0.099062427 | V5: 126122.7 | W5: =V5/$V$13 -> 0.096760325 | X5: 134893.62 | Y5: =X5/$X$13 -> 0.09833477 | Z5: 155769.12 | AA5: =Z5/$Z$13 -> 0.1125974 | AB5: 150299.52 | AC5: =AB5/$AB$13 -> 0.10945308 | AD5: 151627.33 | AE5: =AD5/$AD$13 -> 0.10214288 | AF5: 162098.77 | AG5: =AF5/$AF$13 -> 0.1002018 | AH5: 134053.92 | AI5: =AH5/$AH$13 -> 0.077292347 | AJ5: 148633.98 | AK5: =AJ5/$AJ$13 -> 0.081478379 | AL5: 167166.04 | AM5: =AL5/$AL$13 -> 0.091016665
A6: Solar - Generation (in MU) | C6: =B6/$B$13 -> 0 | E6: =D6/$D$13 -> 0 | G6: =F6/$F$13 -> 0 | I6: =H6/$H$13 -> 0 | K6: =J6/$J$13 -> 0 | M6: =L6/$L$13 -> 0 | O6: =N6/$N$13 -> 0 | P6: 4599.02 | Q6: =P6/$P$13 -> 0.0041619866 | R6: 7447.94 | S6: =R6/$R$13 -> 0.0063789326 | T6: 13499.41 | U6: =T6/$T$13 -> 0.010927529 | V6: 25871.07 | W6: =V6/$V$13 -> 0.019848078 | X6: 39268.2 | Y6: =X6/$X$13 -> 0.028625738 | Z6: 50131.1 | AA6: =Z6/$Z$13 -> 0.036237165 | AB6: 60402.25 | AC6: =AB6/$AB$13 -> 0.043986914 | AD6: 73483.94 | AE6: =AD6/$AD$13 -> 0.049502033 | AF6: 102014.24 | AG6: =AF6/$AF$13 -> 0.063060383 | AH6: 115975.11 | AI6: =AH6/$AH$13 -> 0.066868529 | AJ6: 144150.23 | AK6: =AJ6/$AJ$13 -> 0.079020471 | AL6: 173507.87 | AM6: =AL6/$AL$13 -> 0.094469592
A7: Wind - Generation (in MU) | C7: =B7/$B$13 -> 0 | E7: =D7/$D$13 -> 0 | G7: =F7/$F$13 -> 0 | I7: =H7/$H$13 -> 0 | K7: =J7/$J$13 -> 0 | M7: =L7/$L$13 -> 0 | O7: =N7/$N$13 -> 0 | P7: 33768.3 | Q7: =P7/$P$13 -> 0.030559383 | R7: 33029.39 | S7: =R7/$R$13 -> 0.028288661 | T7: 46004.34 | U7: =T7/$T$13 -> 0.037239683 | V7: 52666.09 | W7: =V7/$V$13 -> 0.040405002 | X7: 62036.38 | Y7: =X7/$X$13 -> 0.045223289 | Z7: 64646.37 | AA7: =Z7/$Z$13 -> 0.046729498 | AB7: 60149.9 | AC7: =AB7/$AB$13 -> 0.043803144 | AD7: 68640.07 | AE7: =AD7/$AD$13 -> 0.046238988 | AF7: 71814.16 | AG7: =AF7/$AF$13 -> 0.044392121 | AH7: 83385.35 | AI7: =AH7/$AH$13 -> 0.048078038 | AJ7: 83347.19 | AK7: =AJ7/$AJ$13 -> 0.045689377 | AL7: 106088.8 | AM7: =AL7/$AL$13 -> 0.057762023
A8: Small-Hydro - Generation (in MU) | C8: =B8/$B$13 -> 0 | E8: =D8/$D$13 -> 0 | G8: =F8/$F$13 -> 0 | I8: =H8/$H$13 -> 0 | K8: =J8/$J$13 -> 0 | M8: =L8/$L$13 -> 0 | O8: =N8/$N$13 -> 0 | P8: 8059.5 | Q8: =P8/$P$13 -> 0.0072936258 | R8: 8354.51 | S8: =R8/$R$13 -> 0.007155382 | T8: 7672.66 | U8: =T8/$T$13 -> 0.0062108799 | V8: 7691.58 | W8: =V8/$V$13 -> 0.0059009186 | X8: 8702.75 | Y8: =X8/$X$13 -> 0.0063441319 | Z8: 9451.22 | AA8: =Z8/$Z$13 -> 0.0068317954 | AB8: 10258.41 | AC8: =AB8/$AB$13 -> 0.007470513 | AD8: 10463.54 | AE8: =AD8/$AD$13 -> 0.0070487034 | AF8: 11170.61 | AG8: =AF8/$AF$13 -> 0.0069051433 | AH8: 9485.04 | AI8: =AH8/$AH$13 -> 0.0054688517 | AJ8: 11568.04 | AK8: =AJ8/$AJ$13 -> 0.0063413841 | AL8: 11577.33 | AM8: =AL8/$AL$13 -> 0.006303493
A9: Bio Power - Generation (in MU) | C9: =B9/$B$13 -> 0 | E9: =D9/$D$13 -> 0 | G9: =F9/$F$13 -> 0 | I9: =H9/$H$13 -> 0 | K9: =J9/$J$13 -> 0 | M9: =L9/$L$13 -> 0 | O9: =N9/$N$13 -> 0 | P9: 15292.42 | Q9: =P9/$P$13 -> 0.013839219 | R9: 16949.03 | S9: =R9/$R$13 -> 0.014516325 | T9: 14371.8 | U9: =T9/$T$13 -> 0.011633713 | V9: 15610.75 | W9: =V9/$V$13 -> 0.011976442 | X9: 16751.77 | Y9: =X9/$X$13 -> 0.012211708 | Z9: 14108.31 | AA9: =Z9/$Z$13 -> 0.010198163 | AB9: 16436.89 | AC9: =AB9/$AB$13 -> 0.011969886 | AD9: 18324.75 | AE9: =AD9/$AD$13 -> 0.012344362 | AF9: 18553.66 | AG9: =AF9/$AF$13 -> 0.011468996 | AH9: 16989.33 | AI9: =AH9/$AH$13 -> 0.0097956493 | AJ9: 15943.72 | AK9: =AJ9/$AJ$13 -> 0.0087400503 | AL9: 16180.92 | AM9: =AL9/$AL$13 -> 0.0088100033
A10: RES-Total - Generation | B10: 25210 | C10: =B10/$B$13 -> 0.034886674 | D10: 27860 | E10: =D10/$D$13 -> 0.037589351 | F10: 36947.01 | G10: =F10/$F$13 -> 0.046192389 | H10: 39244.54 | I10: =H10/$H$13 -> 0.046457086 | J10: 51226.05 | K10: =J10/$J$13 -> 0.055532532 | L10: 57448.91 | M10: =L10/$L$13 -> 0.059564098 | N10: 65519.69 | O10: =N10/$N$13 -> 0.063819004 | Q10: =P10/$P$13 -> 0 | S10: =R10/$R$13 -> 0 | U10: =T10/$T$13 -> 0 | W10: =V10/$V$13 -> 0 | Y10: =X10/$X$13 -> 0 | AA10: =Z10/$Z$13 -> 0 | AC10: =AB10/$AB$13 -> 0 | AE10: =AD10/$AD$13 -> 0 | AG10: =AF10/$AF$13 -> 0 | AI10: =AH10/$AH$13 -> 0 | AK10: =AJ10/$AJ$13 -> 0 | AM10: =AL10/$AL$13 -> 0
A11: Renewable share | B11: =SUM(B6+B5+B7+B8+B9+B10) -> 145596.72 | C11: =B11/$B$13 -> 0.20148295 | D11: =SUM(D6+D5+D7+D8+D9+D10) -> 137958.53 | E11: =D11/$D$13 -> 0.18613681 | F11: =SUM(F6+F5+F7+F8+F9+F10) -> 141006.4 | G11: =F11/$F$13 -> 0.17629092 | H11: =SUM(H6+H5+H7+H8+H9+H10) -> 153660.06 | I11: =H11/$H$13 -> 0.18190043 | J11: =SUM(J6+J5+J7+J8+J9+J10) -> 181737.52 | K11: =J11/$J$13 -> 0.19701587 | L11: =SUM(L6+L5+L7+L8+L9+L10) -> 171169.2 | M11: =L11/$L$13 -> 0.17747141 | N11: =SUM(N6+N5+N7+N8+N9+N10) -> 200367.22 | O11: =N11/$N$13 -> 0.19516631 | P11: =SUM(P6+P5+P7+P8+P9+P10) -> 190962.93 | Q11: =P11/$P$13 -> 0.1728162 | R11: =SUM(R6+R5+R7+R8+R9+R10) -> 187157.52 | S11: =R11/$R$13 -> 0.16029469 | T11: =SUM(T6+T5+T7+T8+T9+T10) -> 203925.77 | U11: =T11/$T$13 -> 0.16507423 | V11: =SUM(V6+V5+V7+V8+V9+V10) -> 227962.19 | W11: =V11/$V$13 -> 0.17489077 | X11: =SUM(X6+X5+X7+X8+X9+X10) -> 261652.72 | Y11: =X11/$X$13 -> 0.19073964 | Z11: =SUM(Z6+Z5+Z7+Z8+Z9+Z10) -> 294106.12 | AA11: =Z11/$Z$13 -> 0.21259402 | AB11: =SUM(AB6+AB5+AB7+AB8+AB9+AB10) -> 297546.97 | AC11: =AB11/$AB$13 -> 0.21668353 | AD11: =SUM(AD6+AD5+AD7+AD8+AD9+AD10) -> 322539.63 | AE11: =AD11/$AD$13 -> 0.21727696 | AF11: =SUM(AF6+AF5+AF7+AF8+AF9+AF10) -> 365651.44 | AG11: =AF11/$AF$13 -> 0.22602844 | AH11: =SUM(AH6+AH5+AH7+AH8+AH9+AH10) -> 359888.75 | AI11: =AH11/$AH$13 -> 0.20750342 | AJ11: =SUM(AJ6+AJ5+AJ7+AJ8+AJ9+AJ10) -> 403643.16 | AK11: =AJ11/$AJ$13 -> 0.22126966 | AL11: =SUM(AL6+AL5+AL7+AL8+AL9+AL10) -> 474520.96 | AM11: =AL11/$AL$13 -> 0.25836178
A12: Non Renewable share | B12: =SUM(B2:B4) -> 577028.78 | C12: =B12/$B$13 -> 0.79851705 | D12: =SUM(D2:D4) -> 603208.83 | E12: =D12/$D$13 -> 0.81386319 | F12: =SUM(F2:F4) -> 658844.2 | G12: =F12/$F$13 -> 0.82370908 | H12: =SUM(H2:H4) -> 691088.15 | I12: =H12/$H$13 -> 0.81809957 | J12: =SUM(J2:J4) -> 740713.67 | K12: =J12/$J$13 -> 0.80298413 | L12: =SUM(L2:L4) -> 793319.67 | M12: =L12/$L$13 -> 0.82252859 | N12: =SUM(N2:N4) -> 826281.36 | O12: =N12/$N$13 -> 0.80483369 | P12: =SUM(P2:P4) -> 914043.03 | Q12: =P12/$P$13 -> 0.8271838 | R12: =SUM(R2:R4) -> 980426.54 | S12: =R12/$R$13 -> 0.83970531 | T12: =SUM(T2:T4) -> 1031432.2 | U12: =T12/$T$13 -> 0.83492577 | V12: =SUM(V2:V4) -> 1075492.5 | W12: =V12/$V$13 -> 0.82510923 | X12: =SUM(X2:X4) -> 1110126.8 | Y12: =X12/$X$13 -> 0.80926036 | Z12: =SUM(Z2:Z4) -> 1089310.6 | AA12: =Z12/$Z$13 -> 0.78740598 | AB12: =SUM(AB2:AB4) -> 1075639.9 | AC12: =AB12/$AB$13 -> 0.78331647 | AD12: =SUM(AD2:AD4) -> 1161923.4 | AE12: =AD12/$AD$13 -> 0.78272304 | AF12: =SUM(AF2:AF4) -> 1252071.7 | AG12: =AF12/$AF$13 -> 0.77397156 | AH12: =SUM(AH2:AH4) -> 1374486.3 | AI12: =AH12/$AH$13 -> 0.79249658 | AJ12: =SUM(AJ2:AJ4) -> 1420570.6 | AK12: =AJ12/$AJ$13 -> 0.77873034 | AL12: =SUM(AL2:AL4) -> 1362132.1 | AM12: =AL12/$AL$13 -> 0.74163822
A13: Total | B13: =SUM(B11:B12) -> 722625.5 | C13: =B13/$B$13 -> 1 | D13: =SUM(D11:D12) -> 741167.36 | E13: =D13/$D$13 -> 1 | F13: =SUM(F11:F12) -> 799850.6 | G13: =F13/$F$13 -> 1 | H13: =SUM(H11:H12) -> 844748.21 | I13: =H13/$H$13 -> 1 | J13: =SUM(J11:J12) -> 922451.19 | K13: =J13/$J$13 -> 1 | L13: =SUM(L11:L12) -> 964488.87 | M13: =L13/$L$13 -> 1 | N13: =SUM(N11:N12) -> 1026648.6 | O13: =N13/$N$13 -> 1 | P13: =SUM(P11:P12) -> 1105006 | Q13: =P13/$P$13 -> 1 | R13: =SUM(R11:R12) -> 1167584.1 | S13: =R13/$R$13 -> 1 | T13: =SUM(T11:T12) -> 1235358 | U13: =T13/$T$13 -> 1 | V13: =SUM(V11:V12) -> 1303454.7 | W13: =V13/$V$13 -> 1 | X13: =SUM(X11:X12) -> 1371779.5 | Y13: =X13/$X$13 -> 1 | Z13: =SUM(Z11:Z12) -> 1383416.7 | AA13: =Z13/$Z$13 -> 1 | AB13: =SUM(AB11:AB12) -> 1373186.8 | AC13: =AB13/$AB$13 -> 1 | AD13: =SUM(AD11:AD12) -> 1484463.1 | AE13: =AD13/$AD$13 -> 1 | AF13: =SUM(AF11:AF12) -> 1617723.1 | AG13: =AF13/$AF$13 -> 1 | AH13: =SUM(AH11:AH12) -> 1734375.1 | AI13: =AH13/$AH$13 -> 1 | AJ13: =SUM(AJ11:AJ12) -> 1824213.8 | AK13: =AJ13/$AJ$13 -> 1 | AL13: =SUM(AL11:AL12) -> 1836653.1 | AM13: =AL13/$AL$13 -> 1
A15: Copyright © 2026, NITI Aayog
A16: https://iced.niti.gov.in
A17: The information on this platform is mainly taken from official sources. However, in some cases, a few assumptions have been made and some data derived or assumed and is given in the detailed. While we believe that the data is reliable and adequately comprehensive, NITI Aayog ICED does not take guarantee that such information is in all respects accurate. NITI Aayog ICED does not accept any liability for any consequences resulting from the use of this data.sss
A18: Data link | B18: https://iced.niti.gov.in/energy/electricity/generation/power-generation

Sheet impact_generation
B1: Impact (CO2 eq/kWh) | C1: 2025 | D1: 2024 | E1: 2023 | F1: =E1-1 -> 2022 | G1: =F1-1 -> 2021 | H1: =G1-1 -> 2020 | I1: =H1-1 -> 2019 | J1: =I1-1 -> 2018 | K1: =J1-1 -> 2017 | L1: =K1-1 -> 2016 | M1: =L1-1 -> 2015 | ... U1: =T1-1 -> 2007
A2: Coal | B2: 1.4695885 | C2: =B2*'energy mix_genertaion'!AM2 -> 1.0245952 | D2: =B2*'energy mix_genertaion'!AK2 -> 1.0729535 | E2: =B2*'energy mix_genertaion'!AI2 -> 1.0971677 | F2: =B2*'energy mix_genertaion'!AG2 -> 1.0738516 | G2: =B2*'energy mix_genertaion'!AE2 -> 1.0677739 | H2: =B2*'energy mix_genertaion'!AC2 -> 1.0503434 | I2: =B2*'energy mix_genertaion'!AA2 -> 1.0561246 | J2: =B2*'energy mix_genertaion'!Y2 -> 1.0951537 | K2: =B2*'energy mix_genertaion'!W2 -> 1.1123381 | L2: =B2*'energy mix_genertaion'!U2 -> 1.1230135 | M2: =B2*'energy mix_genertaion'!S2 -> 1.1269263 | N2: =B2*'energy mix_genertaion'!Q2 -> 1.1108843 | O2: =B2*'energy mix_genertaion'!O2 -> 1.0671879 | P2: =B2*'energy mix_genertaion'!M2 -> 1.0533943 | Q2: =B2*'energy mix_genertaion'!K2 -> 0.97579005 | R2: =B2*'energy mix_genertaion'!I2 -> 0.97647702 | S2: =B2*'energy mix_genertaion'!G2 -> 0.99139761 | T2: =B2*'energy mix_genertaion'!E2 -> 1.0149868 | U2: =B2*'energy mix_genertaion'!C2 -> 0.99039809
A3: Oil & Gas - Generation (in MU) | B3: 0.82879633 | C3: =B3*'energy mix_genertaion'!AM3 -> 0.011930712 | D3: =B3*'energy mix_genertaion'!AK3 -> 0.014548896 | E3: =B3*'energy mix_genertaion'!AI3 -> 0.015146643 | F3: =B3*'energy mix_genertaion'!AG3 -> 0.012354535 | G3: =B3*'energy mix_genertaion'!AE3 -> 0.020227667 | H3: =B3*'energy mix_genertaion'!AC3 -> 0.03088252 | I3: =B3*'energy mix_genertaion'!AA3 -> 0.029140621 | J3: =B3*'energy mix_genertaion'!Y3 -> 0.030238311 | K3: =B3*'energy mix_genertaion'!W3 -> 0.032145654 | L3: =B3*'energy mix_genertaion'!U3 -> 0.033205653 | M3: =B3*'energy mix_genertaion'!S3 -> 0.033840203 | N3: =B3*'energy mix_genertaion'!Q3 -> 0.031989648 | O3: =B3*'energy mix_genertaion'!O3 -> 0.037555202 | P3: =B3*'energy mix_genertaion'!M3 -> 0.059389033 | Q3: =B3*'energy mix_genertaion'!K3 -> 0.086190421 | R3: =B3*'energy mix_genertaion'!I3 -> 0.10156878 | S3: =B3*'energy mix_genertaion'!G3 -> 0.10426275 | T3: =B3*'energy mix_genertaion'!E3 -> 0.085418066 | U3: =B3*'energy mix_genertaion'!C3 -> 0.083809868
A4: Nuclear - Generation (in MU) | B4: 0.017616954 | C4: =B4*'energy mix_genertaion'!AM4 -> 0.0005292887 | D4: =B4*'energy mix_genertaion'!AK4 -> 0.00054738299 | E4: =B4*'energy mix_genertaion'!AI4 -> 0.00048692533 | F4: =B4*'energy mix_genertaion'!AG4 -> 0.00049942583 | G4: =B4*'energy mix_genertaion'!AE4 -> 0.00055910518 | H4: =B4*'energy mix_genertaion'!AC4 -> 0.00055203073 | I4: =B4*'energy mix_genertaion'!AA4 -> 0.00059179783 | J4: =B4*'energy mix_genertaion'!Y4 -> 0.0004856049 | K4: =B4*'energy mix_genertaion'!W4 -> 0.00051827029 | L4: =B4*'energy mix_genertaion'!U4 -> 0.00054070331 | M4: =B4*'energy mix_genertaion'!S4 -> 0.00056451099 | N4: =B4*'energy mix_genertaion'!Q4 -> 0.00057556176 | O4: =B4*'energy mix_genertaion'!O4 -> 0.00058733769 | P4: =B4*'energy mix_genertaion'!M4 -> 0.00060031875 | Q4: =B4*'energy mix_genertaion'!K4 -> 0.00061660807 | R4: =B4*'energy mix_genertaion'!I4 -> 0.00054777738 | S4: =B4*'energy mix_genertaion'!G4 -> 0.00041047329 | T4: =B4*'energy mix_genertaion'!E4 -> 0.00035480283 | U4: =B4*'energy mix_genertaion'!C4 -> 0.00041339628
A5: Hydro - Generation (in MU) | B5: 0.0070059902 | C5: =B5*'energy mix_genertaion'!AM5 -> 0.00063766186 | D5: =B5*'energy mix_genertaion'!AK5 -> 0.00057083672 | E5: =B5*'energy mix_genertaion'!AI5 -> 0.00054150942 | F5: =B5*'energy mix_genertaion'!AG5 -> 0.00070201283 | G5: =B5*'energy mix_genertaion'!AE5 -> 0.00071561199 | H5: =B5*'energy mix_genertaion'!AC5 -> 0.00076682717 | I5: =B5*'energy mix_genertaion'!AA5 -> 0.00078885624 | J5: =B5*'energy mix_genertaion'!Y5 -> 0.00068893243 | K5: =B5*'energy mix_genertaion'!W5 -> 0.00067790189 | L5: =B5*'energy mix_genertaion'!U5 -> 0.00069403039 | M5: =B5*'energy mix_genertaion'!S5 -> 0.0007283104 | N5: =B5*'energy mix_genertaion'!Q5 -> 0.00081943451 | O5: =B5*'energy mix_genertaion'!O5 -> 0.00092021797 | P5: =B5*'energy mix_genertaion'!M5 -> 0.00082605747 | Q5: =B5*'energy mix_genertaion'!K5 -> 0.00099123085 | R5: =B5*'energy mix_genertaion'!I5 -> 0.00094891471 | S5: =B5*'energy mix_genertaion'!G5 -> 0.00091146904 | T5: =B5*'energy mix_genertaion'!E5 -> 0.0010407221 | U5: =B5*'energy mix_genertaion'!C5 -> 0.0011671719
A6: Solar - Generation (in MU) | B6: 0.052690281 | C6: =B6*'energy mix_genertaion'!AM6 -> 0.0049776293 | D6: =B6*'energy mix_genertaion'!AK6 -> 0.0041636108 | E6: =B6*'energy mix_genertaion'!AI6 -> 0.0035233216 | F6: =B6*'energy mix_genertaion'!AG6 -> 0.0033226693 | G6: =B6*'energy mix_genertaion'!AE6 -> 0.002608276 | H6: =B6*'energy mix_genertaion'!AC6 -> 0.0023176828 | I6: =B6*'energy mix_genertaion'!AA6 -> 0.0019093464 | J6: =B6*'energy mix_genertaion'!Y6 -> 0.0015082982 | K6: =B6*'energy mix_genertaion'!W6 -> 0.0010458008 | L6: =B6*'energy mix_genertaion'!U6 -> 0.00057577456 | M6: =B6*'energy mix_genertaion'!S6 -> 0.00033610775 | N6: =B6*'energy mix_genertaion'!Q6 -> 0.00021929624 | O6: =B6*'energy mix_genertaion'!O6 -> 0 | P6: =B6*'energy mix_genertaion'!M6 -> 0 | Q6: =B6*'energy mix_genertaion'!K6 -> 0 | R6: =B6*'energy mix_genertaion'!I6 -> 0 | S6: =B6*'energy mix_genertaion'!G6 -> 0 | T6: =B6*'energy mix_genertaion'!E6 -> 0 | U6: =B6*'energy mix_genertaion'!C6 -> 0
A7: Wind - Generation (in MU) | B7: 0.020437797 | C7: =B7*'energy mix_genertaion'!AM7 -> 0.0011805285 | D7: =B7*'energy mix_genertaion'!AK7 -> 0.00093379022 | E7: =B7*'energy mix_genertaion'!AI7 -> 0.00098260918 | F7: =B7*'energy mix_genertaion'!AG7 -> 0.00090727716 | G7: =B7*'energy mix_genertaion'!AE7 -> 0.00094502305 | H7: =B7*'energy mix_genertaion'!AC7 -> 0.00089523977 | I7: =B7*'energy mix_genertaion'!AA7 -> 0.00095504801 | J7: =B7*'energy mix_genertaion'!Y7 -> 0.00092426441 | K7: =B7*'energy mix_genertaion'!W7 -> 0.00082578925 | L7: =B7*'energy mix_genertaion'!U7 -> 0.00076109709 | M7: =B7*'energy mix_genertaion'!S7 -> 0.00057815792 | N7: =B7*'energy mix_genertaion'!Q7 -> 0.00062456646 | O7: =B7*'energy mix_genertaion'!O7 -> 0 | P7: =B7*'energy mix_genertaion'!M7 -> 0 | Q7: =B7*'energy mix_genertaion'!K7 -> 0 | R7: =B7*'energy mix_genertaion'!I7 -> 0 | S7: =B7*'energy mix_genertaion'!G7 -> 0 | T7: =B7*'energy mix_genertaion'!E7 -> 0 | U7: =B7*'energy mix_genertaion'!C7 -> 0
A8: Small-Hydro - Generation (in MU) | B8: 2.0084257 | C8: =B8*'energy mix_genertaion'!AM8 -> 0.012660097 | D8: =B8*'energy mix_genertaion'!AK8 -> 0.012736199 | E8: =B8*'energy mix_genertaion'!AI8 -> 0.010983782 | F8: =B8*'energy mix_genertaion'!AG8 -> 0.013868467 | G8: =B8*'energy mix_genertaion'!AE8 -> 0.014156797 | H8: =B8*'energy mix_genertaion'!AC8 -> 0.01500397 | I8: =B8*'energy mix_genertaion'!AA8 -> 0.013721153 | J8: =B8*'energy mix_genertaion'!Y8 -> 0.012741718 | K8: =B8*'energy mix_genertaion'!W8 -> 0.011851556 | L8: =B8*'energy mix_genertaion'!U8 -> 0.012474091 | M8: =B8*'energy mix_genertaion'!S8 -> 0.014371053 | N8: =B8*'energy mix_genertaion'!Q8 -> 0.014648705 | O8: =B8*'energy mix_genertaion'!O8 -> 0 | P8: =B8*'energy mix_genertaion'!M8 -> 0 | Q8: =B8*'energy mix_genertaion'!K8 -> 0 | R8: =B8*'energy mix_genertaion'!I8 -> 0 | S8: =B8*'energy mix_genertaion'!G8 -> 0 | T8: =B8*'energy mix_genertaion'!E8 -> 0 | U8: =B8*'energy mix_genertaion'!C8 -> 0
A9: Bio Power - Generation (in MU) | B9: 0.18126858 | C9: =B9*'energy mix_genertaion'!AM9 -> 0.0015969768 | D9: =B9*'energy mix_genertaion'!AK9 -> 0.0015842965 | E9: =B9*'energy mix_genertaion'!AI9 -> 0.0017756434 | F9: =B9*'energy mix_genertaion'!AG9 -> 0.0020789686 | G9: =B9*'energy mix_genertaion'!AE9 -> 0.002237645 | H9: =B9*'energy mix_genertaion'!AC9 -> 0.0021697643 | I9: =B9*'energy mix_genertaion'!AA9 -> 0.0018486066 | J9: =B9*'energy mix_genertaion'!Y9 -> 0.0022135989 | K9: =B9*'energy mix_genertaion'!W9 -> 0.0021709527 | L9: =B9*'energy mix_genertaion'!U9 -> 0.0021088266 | M9: =B9*'energy mix_genertaion'!S9 -> 0.0026313537 | N9: =B9*'energy mix_genertaion'!Q9 -> 0.0025086157 | O9: =B9*'energy mix_genertaion'!O9 -> 0 | P9: =B9*'energy mix_genertaion'!M9 -> 0 | Q9: =B9*'energy mix_genertaion'!K9 -> 0 | R9: =B9*'energy mix_genertaion'!I9 -> 0 | S9: =B9*'energy mix_genertaion'!G9 -> 0 | T9: =B9*'energy mix_genertaion'!E9 -> 0 | U9: =B9*'energy mix_genertaion'!C9 -> 0
A10: RES-Total - Generation | B10: =AVERAGE(B6:B9) -> 0.56570559 | C10: =B10*'energy mix_genertaion'!AM10 -> 0 | D10: =B10*'energy mix_genertaion'!AK10 -> 0 | E10: =B10*'energy mix_genertaion'!AI10 -> 0 | F10: =B10*'energy mix_genertaion'!AG10 -> 0 | G10: =B10*'energy mix_genertaion'!AE10 -> 0 | H10: =B10*'energy mix_genertaion'!AC10 -> 0 | I10: =B10*'energy mix_genertaion'!AA10 -> 0 | J10: =B10*'energy mix_genertaion'!Y10 -> 0 | K10: =B10*'energy mix_genertaion'!W10 -> 0 | L10: =B10*'energy mix_genertaion'!U10 -> 0 | M10: =B10*'energy mix_genertaion'!S10 -> 0 | N10: =B10*'energy mix_genertaion'!Q10 -> 0 | O10: =B10*'energy mix_genertaion'!O10 -> 0.036102767 | P10: =B10*'energy mix_genertaion'!M10 -> 0.033695743 | Q10: =B10*'energy mix_genertaion'!K10 -> 0.031415063 | R10: =B10*'energy mix_genertaion'!I10 -> 0.026281033 | S10: =B10*'energy mix_genertaion'!G10 -> 0.026131292 | T10: =B10*'energy mix_genertaion'!E10 -> 0.021264506 | U10: =B10*'energy mix_genertaion'!C10 -> 0.019735586
A11: Renewable share | C11: =B11*'energy mix_genertaion'!AM11 -> 0 | D11: =B11*'energy mix_genertaion'!AK11 -> 0 | E11: =B11*'energy mix_genertaion'!AI11 -> 0 | F11: =B11*'energy mix_genertaion'!AG11 -> 0 | G11: =B11*'energy mix_genertaion'!AE11 -> 0 | H11: =B11*'energy mix_genertaion'!AC11 -> 0 | I11: =B11*'energy mix_genertaion'!AA11 -> 0 | J11: =B11*'energy mix_genertaion'!Y11 -> 0 | K11: =B11*'energy mix_genertaion'!W11 -> 0 | L11: =B11*'energy mix_genertaion'!U11 -> 0 | M11: =B11*'energy mix_genertaion'!S11 -> 0 | N11: =B11*'energy mix_genertaion'!Q11 -> 0 | O11: =B11*'energy mix_genertaion'!O11 -> 0 | P11: =B11*'energy mix_genertaion'!M11 -> 0 | Q11: =B11*'energy mix_genertaion'!K11 -> 0 | R11: =B11*'energy mix_genertaion'!I11 -> 0 | S11: =B11*'energy mix_genertaion'!G11 -> 0 | T11: =B11*'energy mix_genertaion'!E11 -> 0 | U11: =B11*'energy mix_genertaion'!C11 -> 0
A12: Non Renewable share | C12: =B12*'energy mix_genertaion'!AM12 -> 0 | D12: =B12*'energy mix_genertaion'!AK12 -> 0 | E12: =B12*'energy mix_genertaion'!AI12 -> 0 | F12: =B12*'energy mix_genertaion'!AG12 -> 0 | G12: =B12*'energy mix_genertaion'!AE12 -> 0 | H12: =B12*'energy mix_genertaion'!AC12 -> 0 | I12: =B12*'energy mix_genertaion'!AA12 -> 0 | J12: =B12*'energy mix_genertaion'!Y12 -> 0 | K12: =B12*'energy mix_genertaion'!W12 -> 0 | L12: =B12*'energy mix_genertaion'!U12 -> 0 | M12: =B12*'energy mix_genertaion'!S12 -> 0 | N12: =B12*'energy mix_genertaion'!Q12 -> 0 | O12: =B12*'energy mix_genertaion'!O12 -> 0 | P12: =B12*'energy mix_genertaion'!M12 -> 0 | Q12: =B12*'energy mix_genertaion'!K12 -> 0 | R12: =B12*'energy mix_genertaion'!I12 -> 0 | S12: =B12*'energy mix_genertaion'!G12 -> 0 | T12: =B12*'energy mix_genertaion'!E12 -> 0 | U12: =B12*'energy mix_genertaion'!C12 -> 0
B13: Total impact(CO2 eq/kWh) | C13: =C14+C15 -> 1.0581081 | D13: =D14+D15 -> 1.1080385 | E13: =E14+E15 -> 1.1306081 | F13: =F14+F15 -> 1.1075849 | G13: =G14+G15 -> 1.1092241 | H13: =H14+H15 -> 1.1029314 | I13: =I14+I15 -> 1.1050801 | J13: =J14+J15 -> 1.1439544 | ... U13: =U14+U15 -> 1.0955241
B14: Renewable impact(CO2 eq/kWh) | C14: =SUM(C5:C10) -> 0.021052894 | D14: =SUM(D5:D10) -> 0.019988733 | E14: =SUM(E5:E10) -> 0.017806866 | F14: =SUM(F5:F10) -> 0.020879395 | G14: =SUM(G5:G10) -> 0.020663353 | H14: =SUM(H5:H10) -> 0.021153484 | I14: =SUM(I5:I10) -> 0.019223011 | J14: =SUM(J5:J10) -> 0.018076811 | ... U14: =SUM(U5:U10) -> 0.020902758
B15: Non Renewable impact(CO2 eq/kWh) | C15: =SUM(C2:C4) -> 1.0370552 | D15: =SUM(D2:D4) -> 1.0880498 | E15: =SUM(E2:E4) -> 1.1128012 | F15: =SUM(F2:F4) -> 1.0867055 | G15: =SUM(G2:G4) -> 1.0885607 | H15: =SUM(H2:H4) -> 1.081778 | I15: =SUM(I2:I4) -> 1.0858571 | J15: =SUM(J2:J4) -> 1.1258776 | ... U15: =SUM(U2:U4) -> 1.0746214
B16: Renewable energy share (%) | C16: ='energy mix_genertaion'!AM11 -> 0.25836178 | D16: ='energy mix_genertaion'!AK11 -> 0.22126966 | E16: ='energy mix_genertaion'!AI11 -> 0.20750342 | F16: ='energy mix_genertaion'!AG11 -> 0.22602844 | G16: ='energy mix_genertaion'!AE11 -> 0.21727696 | H16: ='energy mix_genertaion'!AC11 -> 0.21668353 | I16: ='energy mix_genertaion'!AA11 -> 0.21259402 | J16: ='energy mix_genertaion'!Y11 -> 0.19073964 | K16: ='energy mix_genertaion'!W11 -> 0.17489077 | L16: ='energy mix_genertaion'!U11 -> 0.16507423 | M16: ='energy mix_genertaion'!S11 -> 0.16029469 | N16: ='energy mix_genertaion'!Q11 -> 0.1728162 | O16: ='energy mix_genertaion'!O11 -> 0.19516631 | P16: ='energy mix_genertaion'!M11 -> 0.17747141 | Q16: ='energy mix_genertaion'!K11 -> 0.19701587 | R16: ='energy mix_genertaion'!I11 -> 0.18190043 | S16: ='energy mix_genertaion'!G11 -> 0.17629092 | T16: ='energy mix_genertaion'!E11 -> 0.18613681 | U16: ='energy mix_genertaion'!C11 -> 0.20148295
B17: Nonrenewable energy share (%) | C17: =1-C16 -> 0.74163822 | D17: =1-D16 -> 0.77873034 | E17: =1-E16 -> 0.79249658 | F17: =1-F16 -> 0.77397156 | G17: =1-G16 -> 0.78272304 | H17: =1-H16 -> 0.78331647 | I17: =1-I16 -> 0.78740598 | J17: =1-J16 -> 0.80926036 | ... U17: =1-U16 -> 0.79851705
