Workbook

Sheet Sheet1
A1: Location | B1: Jodhpur | E1: Monocrystalline silicon (m-Si) rooftop solar systems | W1: Description/References
A2: Total Roof Surface Area (m2) | B2: 950
A3: Installed solar panel area in % | B3: 0 | C3: 0.05 | D3: 0.1 | E3: 0.15 | F3: 0.2 | G3: 0.25 | H3: 0.3 | I3: 0.35 | J3: 0.4 | K3: 0.45 | L3: 0.5 | M3: 0.55 | N3: 0.6 | O3: 0.65 | P3: 0.7 | Q3: 0.75 | R3: 0.8 | S3: 0.85 | T3: 0.9 | U3: 0.95 | V3: 1
A4: Installed solar panel area in (m2) | B4: =B3*$B$2 -> 0 | C4: =C3*$B$2 -> 47.5 | D4: =D3*$B$2 -> 95 | E4: =E3*$B$2 -> 142.5 | F4: =F3*$B$2 -> 190 | G4: =G3*$B$2 -> 237.5 | H4: =H3*$B$2 -> 285 | I4: =I3*$B$2 -> 332.5 | ... V4: =V3*$B$2 -> 950
A5: Average solar radiation in MWh/m2 | B5: 1.98 | W5: Source : Comparison of floating photovoltaic plant with solar photovoltaic plant for energy generation at Jodhpur in India
A6: Roof top Module area (m square) | B6: 1.7 | W6: Source : https://www.tatapower.com/blogs/the-best-solar-panel-size-guide-every-homeowner-needs
A7: Life span of solar panel (Years) | B7: 15
A8: Grid connected solar panel C-Si W Module (W) | B8: 250 | W8: Modules cannot be placed edge-to-edge because: Tilt angle required Row spacing to avoid shading Maintenance walkway Mounting structure clearance
A9: Spacing Factor (%) | B9: 0.8
A10: No of modules | B10: =ROUNDDOWN(B4*$B$9/($B$6),0) -> 0 | C10: =ROUNDDOWN(C4*$B$9/($B$6),0) -> 22 | D10: =ROUNDDOWN(D4*$B$9/($B$6),0) -> 44 | E10: =ROUNDDOWN(E4*$B$9/($B$6),0) -> 67 | F10: =ROUNDDOWN(F4*$B$9/($B$6),0) -> 89 | G10: =ROUNDDOWN(G4*$B$9/($B$6),0) -> 111 | H10: =ROUNDDOWN(H4*$B$9/($B$6),0) -> 134 | I10: =ROUNDDOWN(I4*$B$9/($B$6),0) -> 156 | ... V10: =ROUNDDOWN(V4*$B$9/($B$6),0) -> 447
A11: Total Installed Capacity (kW) | B11: =(B10*$B$8)/1000 -> 0 | C11: =(C10*$B$8)/1000 -> 5.5 | D11: =(D10*$B$8)/1000 -> 11 | E11: =(E10*$B$8)/1000 -> 16.75 | F11: =(F10*$B$8)/1000 -> 22.25 | G11: =(G10*$B$8)/1000 -> 27.75 | H11: =(H10*$B$8)/1000 -> 33.5 | I11: =(I10*$B$8)/1000 -> 39 | ... V11: =(V10*$B$8)/1000 -> 111.75
A12: Total Solar Energy Received (MWh/year) | B12: =$B$5*B10*$B$6 -> 0 | C12: =$B$5*C10*$B$6 -> 74.052 | D12: =$B$5*D10*$B$6 -> 148.104 | E12: =$B$5*E10*$B$6 -> 225.522 | F12: =$B$5*F10*$B$6 -> 299.574 | G12: =$B$5*G10*$B$6 -> 373.626 | H12: =$B$5*H10*$B$6 -> 451.044 | I12: =$B$5*I10*$B$6 -> 525.096 | ... V12: =$B$5*V10*$B$6 -> 1504.602
A13: Module efficiency (%) | B13: =B8/(1000*B6) -> 0.14705882
A14: Generated Solar Energy (kWh) | B14: =B12*$B$13*1000 -> 0 | C14: =C12*$B$13*1000 -> 10890 | D14: =D12*$B$13*1000 -> 21780 | E14: =E12*$B$13*1000 -> 33165 | F14: =F12*$B$13*1000 -> 44055 | G14: =G12*$B$13*1000 -> 54945 | H14: =H12*$B$13*1000 -> 66330 | I14: =I12*$B$13*1000 -> 77220 | ... V14: =V12*$B$13*1000 -> 221265
A15: GHG emission rate (kgCO2/kWh)_Solarcell | B15: 0.2575 | W15: Source : Life Cycle Assessment of Solar Photovoltaic in India: A Circular Economy Approach
A16: Total GHG emission (kgCO2)/life span | B16: =$B$15*B14 -> 0 | C16: =$B$15*C14 -> 2804.175 | D16: =$B$15*D14 -> 5608.35 | E16: =$B$15*E14 -> 8539.9875 | F16: =$B$15*F14 -> 11344.163 | G16: =$B$15*G14 -> 14148.337 | H16: =$B$15*H14 -> 17079.975 | I16: =$B$15*I14 -> 19884.15 | ... V16: =$B$15*V14 -> 56975.738
A17: Total GHG emission (kgCO2) for entire life span | B17: =(ROUNDUP(50/$B$7,0))*B16 -> 0 | C17: =(ROUNDUP(50/$B$7,0))*C16 -> 11216.7 | D17: =(ROUNDUP(50/$B$7,0))*D16 -> 22433.4 | E17: =(ROUNDUP(50/$B$7,0))*E16 -> 34159.95 | F17: =(ROUNDUP(50/$B$7,0))*F16 -> 45376.65 | G17: =(ROUNDUP(50/$B$7,0))*G16 -> 56593.35 | H17: =(ROUNDUP(50/$B$7,0))*H16 -> 68319.9 | I17: =(ROUNDUP(50/$B$7,0))*I16 -> 79536.6 | ... V17: =(ROUNDUP(50/$B$7,0))*V16 -> 227902.95
A18: Total GHG emission (kgCO2) for first time installment | B18: =B16 -> 0 | C18: =C16 -> 2804.175 | D18: =D16 -> 5608.35 | E18: =E16 -> 8539.9875 | F18: =F16 -> 11344.163 | G18: =G16 -> 14148.337 | H18: =H16 -> 17079.975 | I18: =I16 -> 19884.15 | ... V18: =V16 -> 56975.738
A20: % solar energy contribution | B20: =(B14/$B$21)*100 -> 0 | C20: =(C14/$B$21)*100 -> 2.2297434 | D20: =(D14/$B$21)*100 -> 4.4594869 | E20: =(E14/$B$21)*100 -> 6.7905823 | F20: =(F14/$B$21)*100 -> 9.0203257 | G20: =(G14/$B$21)*100 -> 11.250069 | H20: =(H14/$B$21)*100 -> 13.581165 | I20: =(I14/$B$21)*100 -> 15.810908 | ... V20: =(V14/$B$21)*100 -> 45.304332
A21: Overall_Annual_Building energy_demand (kWH) | B21: 488397
A22: Number of replacement | B22: 3
B23: (kgCO2/kWh)_OPC_common steel
A24: Solarcell_impact | B24: 0.2575
A25: Conventionally_energy_Impact | B25: 1.1584529
B26: (kg CO2-Eq)
A27: Material Production Impact_lifetime | B27: ='[1]Life cycle impact'!$B$2 -> 1793947.6
A28: Construction Impact_lifetime | B28: ='[1]Life Cycle Phase'!$G$6 -> 308473.9
A29: End of life Impact_lifetime | B29: ='[1]Life Cycle Phase'!$I$6 -> 300504.43
A30: Water demand+diesel_lifetime | B30: ='[1]Operational Phase'!$N$7 -> 529889.69

Sheet Sheet2
A1: Roof top area (%) | B1: Annual Solar Energy generation (kWh) | C1: Embodied solar impact (kgCO2)/life span | D1: Required Annual Conventionally energy demand (kWh/year) | E1: Operational Energy impact (kg CO2-Eq)_Annual | F1: Operational Energy Impact (kg CO2-Eq) | G1: Embodied Impact(kg CO2-Eq) | H1: Life Cycle Impact (kg CO2-Eq) | I1: Operational Impact Reduction (%) | J1: Life Cycle Impact Reduction (%)
A2: 0 | B2: {=TRANSPOSE(Sheet1!B14:V14)} -> 0 | C2: =B2*Sheet1!$B$24 -> 0 | D2: =Sheet1!$B$21-B2 -> 488397 | E2: =D2*Sheet1!$B$25 -> 565784.93 | F2: =E2*50 + Sheet1!$B$30 +C2*Sheet1!$B$22 -> 28819136 | G2: =C2+Sheet1!$B$27+Sheet1!$B$28+Sheet1!$B$29 -> 2402925.9 | H2: =F2+G2 -> 31222062 | I2: =(($F$2- F2)/$F$2)*100 -> 0 | J2: =(($H$2- H2)/$H$2)*100 -> 0
A3: 5 | B3: 10890 | C3: =B3*Sheet1!$B$24 -> 2804.175 | D3: =Sheet1!$B$21-B3 -> 477507 | E3: =D3*Sheet1!$B$25 -> 553169.38 | F3: =E3*50 + Sheet1!$B$30 +C3*Sheet1!$B$22 -> 28196771 | G3: =C3+Sheet1!$B$27+Sheet1!$B$28+Sheet1!$B$29 -> 2405730.1 | H3: =F3+G3 -> 30602501 | I3: =(($F$2- F3)/$F$2)*100 -> 2.159555 | J3: =(($H$2- H3)/$H$2)*100 -> 1.984369
A4: 10 | B4: 21780 | C4: =B4*Sheet1!$B$24 -> 5608.35 | D4: =Sheet1!$B$21-B4 -> 466617 | E4: =D4*Sheet1!$B$25 -> 540553.82 | F4: =E4*50 + Sheet1!$B$30 +C4*Sheet1!$B$22 -> 27574406 | G4: =C4+Sheet1!$B$27+Sheet1!$B$28+Sheet1!$B$29 -> 2408534.3 | H4: =F4+G4 -> 29982940 | I4: =(($F$2- F4)/$F$2)*100 -> 4.3191099 | J4: =(($H$2- H4)/$H$2)*100 -> 3.9687379
A5: 15 | B5: 33165 | C5: =B5*Sheet1!$B$24 -> 8539.9875 | D5: =Sheet1!$B$21-B5 -> 455232 | E5: =D5*Sheet1!$B$25 -> 527364.84 | F5: =E5*50 + Sheet1!$B$30 +C5*Sheet1!$B$22 -> 26923751 | G5: =C5+Sheet1!$B$27+Sheet1!$B$28+Sheet1!$B$29 -> 2411465.9 | H5: =F5+G5 -> 29335217 | I5: =(($F$2- F5)/$F$2)*100 -> 6.5768265 | J5: =(($H$2- H5)/$H$2)*100 -> 6.0433055
A6: 20 | B6: 44055 | C6: =B6*Sheet1!$B$24 -> 11344.163 | D6: =Sheet1!$B$21-B6 -> 444342 | E6: =D6*Sheet1!$B$25 -> 514749.28 | F6: =E6*50 + Sheet1!$B$30 +C6*Sheet1!$B$22 -> 26301386 | G6: =C6+Sheet1!$B$27+Sheet1!$B$28+Sheet1!$B$29 -> 2414270.1 | H6: =F6+G6 -> 28715656 | I6: =(($F$2- F6)/$F$2)*100 -> 8.7363815 | J6: =(($H$2- H6)/$H$2)*100 -> 8.0276745
A7: 25 | B7: 54945 | C7: =B7*Sheet1!$B$24 -> 14148.337 | D7: =Sheet1!$B$21-B7 -> 433452 | E7: =D7*Sheet1!$B$25 -> 502133.73 | F7: =E7*50 + Sheet1!$B$30 +C7*Sheet1!$B$22 -> 25679021 | G7: =C7+Sheet1!$B$27+Sheet1!$B$28+Sheet1!$B$29 -> 2417074.3 | H7: =F7+G7 -> 28096096 | I7: =(($F$2- F7)/$F$2)*100 -> 10.895936 | J7: =(($H$2- H7)/$H$2)*100 -> 10.012043
A8: 30 | B8: 66330 | C8: =B8*Sheet1!$B$24 -> 17079.975 | D8: =Sheet1!$B$21-B8 -> 422067 | E8: =D8*Sheet1!$B$25 -> 488944.75 | F8: =E8*50 + Sheet1!$B$30 +C8*Sheet1!$B$22 -> 25028367 | G8: =C8+Sheet1!$B$27+Sheet1!$B$28+Sheet1!$B$29 -> 2420005.9 | H8: =F8+G8 -> 27448373 | I8: =(($F$2- F8)/$F$2)*100 -> 13.153653 | J8: =(($H$2- H8)/$H$2)*100 -> 12.086611
A9: 35 | B9: 77220 | C9: =B9*Sheet1!$B$24 -> 19884.15 | D9: =Sheet1!$B$21-B9 -> 411177 | E9: =D9*Sheet1!$B$25 -> 476329.19 | F9: =E9*50 + Sheet1!$B$30 +C9*Sheet1!$B$22 -> 24406002 | G9: =C9+Sheet1!$B$27+Sheet1!$B$28+Sheet1!$B$29 -> 2422810.1 | H9: =F9+G9 -> 26828812 | I9: =(($F$2- F9)/$F$2)*100 -> 15.313208 | J9: =(($H$2- H9)/$H$2)*100 -> 14.07098
A10: 40 | B10: 88110 | C10: =B10*Sheet1!$B$24 -> 22688.325 | D10: =Sheet1!$B$21-B10 -> 400287 | E10: =D10*Sheet1!$B$25 -> 463713.64 | F10: =E10*50 + Sheet1!$B$30 +C10*Sheet1!$B$22 -> 23783637 | G10: =C10+Sheet1!$B$27+Sheet1!$B$28+Sheet1!$B$29 -> 2425614.3 | H10: =F10+G10 -> 26209251 | I10: =(($F$2- F10)/$F$2)*100 -> 17.472763 | J10: =(($H$2- H10)/$H$2)*100 -> 16.055349
A11: 45 | B11: 99495 | C11: =B11*Sheet1!$B$24 -> 25619.963 | D11: =Sheet1!$B$21-B11 -> 388902 | E11: =D11*Sheet1!$B$25 -> 450524.65 | F11: =E11*50 + Sheet1!$B$30 +C11*Sheet1!$B$22 -> 23132982 | G11: =C11+Sheet1!$B$27+Sheet1!$B$28+Sheet1!$B$29 -> 2428545.9 | H11: =F11+G11 -> 25561528 | I11: =(($F$2- F11)/$F$2)*100 -> 19.73048 | J11: =(($H$2- H11)/$H$2)*100 -> 18.129917
A12: 50 | B12: 110385 | C12: =B12*Sheet1!$B$24 -> 28424.138 | D12: =Sheet1!$B$21-B12 -> 378012 | E12: =D12*Sheet1!$B$25 -> 437909.1 | F12: =E12*50 + Sheet1!$B$30 +C12*Sheet1!$B$22 -> 22510617 | G12: =C12+Sheet1!$B$27+Sheet1!$B$28+Sheet1!$B$29 -> 2431350.1 | H12: =F12+G12 -> 24941967 | I12: =(($F$2- F12)/$F$2)*100 -> 21.890035 | J12: =(($H$2- H12)/$H$2)*100 -> 20.114285
A13: 55 | B13: 121275 | C13: =B13*Sheet1!$B$24 -> 31228.313 | D13: =Sheet1!$B$21-B13 -> 367122 | E13: =D13*Sheet1!$B$25 -> 425293.55 | F13: =E13*50 + Sheet1!$B$30 +C13*Sheet1!$B$22 -> 21888252 | G13: =C13+Sheet1!$B$27+Sheet1!$B$28+Sheet1!$B$29 -> 2434154.3 | H13: =F13+G13 -> 24322406 | I13: =(($F$2- F13)/$F$2)*100 -> 24.049589 | J13: =(($H$2- H13)/$H$2)*100 -> 22.098654
A14: 60 | B14: 132660 | C14: =B14*Sheet1!$B$24 -> 34159.95 | D14: =Sheet1!$B$21-B14 -> 355737 | E14: =D14*Sheet1!$B$25 -> 412104.56 | F14: =E14*50 + Sheet1!$B$30 +C14*Sheet1!$B$22 -> 21237598 | G14: =C14+Sheet1!$B$27+Sheet1!$B$28+Sheet1!$B$29 -> 2437085.9 | H14: =F14+G14 -> 23674684 | I14: =(($F$2- F14)/$F$2)*100 -> 26.307306 | J14: =(($H$2- H14)/$H$2)*100 -> 24.173222
... A22: 100 | B22: 221265 | C22: =B22*Sheet1!$B$24 -> 56975.738 | D22: =Sheet1!$B$21-B22 -> 267132 | E22: =D22*Sheet1!$B$25 -> 309459.84 | F22: =E22*50 + Sheet1!$B$30 +C22*Sheet1!$B$22 -> 16173809 | G22: =C22+Sheet1!$B$27+Sheet1!$B$28+Sheet1!$B$29 -> 2459901.7 | H22: =F22+G22 -> 18633711 | I22: =(($F$2- F22)/$F$2)*100 -> 43.878231 | J22: =(($H$2- H22)/$H$2)*100 -> 40.31877
C26: =33165/488397 -> 0.067905823
C27: =165825/488397 -> 0.33952911

Sheet Sheet3
A1: Roof top area (%) | B1: Operational Energy Impact (kg CO2-Eq) | C1: Embodied Impact(kg CO2-Eq) | D1: Life Cycle Impact (kg CO2-Eq) | E1: Operational Impact Reduction (%) | F1: Life Cycle Impact Reduction (%)
A2: =Sheet2!A2 -> 0 | B2: =Sheet2!F2 -> 28819136 | C2: =Sheet2!G2 -> 2402925.9 | D2: =Sheet2!H2 -> 31222062 | E2: =Sheet2!I2 -> 0 | F2: =Sheet2!J2 -> 0
A3: =Sheet2!A3 -> 5 | B3: =Sheet2!F3 -> 28196771 | C3: =Sheet2!G3 -> 2405730.1 | D3: =Sheet2!H3 -> 30602501 | E3: =Sheet2!I3 -> 2.159555 | F3: =Sheet2!J3 -> 1.984369
A4: =Sheet2!A4 -> 10 | B4: =Sheet2!F4 -> 27574406 | C4: =Sheet2!G4 -> 2408534.3 | D4: =Sheet2!H4 -> 29982940 | E4: =Sheet2!I4 -> 4.3191099 | F4: =Sheet2!J4 -> 3.9687379
A5: =Sheet2!A5 -> 15 | B5: =Sheet2!F5 -> 26923751 | C5: =Sheet2!G5 -> 2411465.9 | D5: =Sheet2!H5 -> 29335217 | E5: =Sheet2!I5 -> 6.5768265 | F5: =Sheet2!J5 -> 6.0433055
A6: =Sheet2!A6 -> 20 | B6: =Sheet2!F6 -> 26301386 | C6: =Sheet2!G6 -> 2414270.1 | D6: =Sheet2!H6 -> 28715656 | E6: =Sheet2!I6 -> 8.7363815 | F6: =Sheet2!J6 -> 8.0276745
A7: =Sheet2!A7 -> 25 | B7: =Sheet2!F7 -> 25679021 | C7: =Sheet2!G7 -> 2417074.3 | D7: =Sheet2!H7 -> 28096096 | E7: =Sheet2!I7 -> 10.895936 | F7: =Sheet2!J7 -> 10.012043
A8: =Sheet2!A8 -> 30 | B8: =Sheet2!F8 -> 25028367 | C8: =Sheet2!G8 -> 2420005.9 | D8: =Sheet2!H8 -> 27448373 | E8: =Sheet2!I8 -> 13.153653 | F8: =Sheet2!J8 -> 12.086611
A9: =Sheet2!A9 -> 35 | B9: =Sheet2!F9 -> 24406002 | C9: =Sheet2!G9 -> 2422810.1 | D9: =Sheet2!H9 -> 26828812 | E9: =Sheet2!I9 -> 15.313208 | F9: =Sheet2!J9 -> 14.07098
A10: =Sheet2!A10 -> 40 | B10: =Sheet2!F10 -> 23783637 | C10: =Sheet2!G10 -> 2425614.3 | D10: =Sheet2!H10 -> 26209251 | E10: =Sheet2!I10 -> 17.472763 | F10: =Sheet2!J10 -> 16.055349
A11: =Sheet2!A11 -> 45 | B11: =Sheet2!F11 -> 23132982 | C11: =Sheet2!G11 -> 2428545.9 | D11: =Sheet2!H11 -> 25561528 | E11: =Sheet2!I11 -> 19.73048 | F11: =Sheet2!J11 -> 18.129917
A12: =Sheet2!A12 -> 50 | B12: =Sheet2!F12 -> 22510617 | C12: =Sheet2!G12 -> 2431350.1 | D12: =Sheet2!H12 -> 24941967 | E12: =Sheet2!I12 -> 21.890035 | F12: =Sheet2!J12 -> 20.114285
A13: =Sheet2!A13 -> 55 | B13: =Sheet2!F13 -> 21888252 | C13: =Sheet2!G13 -> 2434154.3 | D13: =Sheet2!H13 -> 24322406 | E13: =Sheet2!I13 -> 24.049589 | F13: =Sheet2!J13 -> 22.098654
... A18: =Sheet2!A18 -> 80 | B18: =Sheet2!F18 -> 18719848 | C18: =Sheet2!G18 -> 2448430.1 | D18: =Sheet2!H18 -> 21168278 | E18: =Sheet2!I18 -> 35.043688 | F18: =Sheet2!J18 -> 32.200897
